run_name,DLNTDR_1,DLNNDR_1,KY,NU_EE,MASS_1,DLNTDR_2,DLNNDR_2,RMAJ,RMIN,Q,S,KAPPA,DELTA,GAMMA_E,BETAE_UNIT,MACH,SHIFT,S_KAPPA,S_DELTA,Q_electron,Q_ion,split
2019_03-isotope_d_a0_filtered,3.0,1.0,1.0049999952316284,0.05,1.0,3.0,1.0,3.0,0.5,2.0,1.0,1.0,0.0,0.0,0.0005,0.0,0.0,0.0,0.0,15.089073,41.456722,train
2019_03-isotope_d_a1_filtered,3.0,1.0,1.0049999952316284,0.1,1.0,3.0,1.0,3.0,0.5,2.0,1.0,1.0,0.0,0.0,0.0005,0.0,0.0,0.0,0.0,14.546071,38.088303,train
2019_03-isotope_d_a2_filtered,3.0,1.0,1.0049999952316284,0.167,1.0,3.0,1.0,3.0,0.5,2.0,1.0,1.0,0.0,0.0,0.0005,0.0,0.0,0.0,0.0,13.522603,33.061234,train
2019_03-isotope_d_a3_filtered,3.0,1.0,1.0049999952316284,0.278,1.0,3.0,1.0,3.0,0.5,2.0,1.0,1.0,0.0,0.0,0.0005,0.0,0.0,0.0,0.0,12.829037,30.474396,train
2019_03-isotope_d_a4_filtered,3.0,1.0,1.0049999952316284,0.464,1.0,3.0,1.0,3.0,0.5,2.0,1.0,1.0,0.0,0.0,0.0005,0.0,0.0,0.0,0.0,11.554721,26.188017,train
2019_03-isotope_d_a5_filtered,3.0,1.0,1.0049999952316284,0.774,1.0,3.0,1.0,3.0,0.5,2.0,1.0,1.0,0.0,0.0,0.0005,0.0,0.0,0.0,0.0,10.917664,25.119717,train
2019_03-isotope_d_a6_filtered,3.0,1.0,1.0049999952316284,1.0,1.0,3.0,1.0,3.0,0.5,2.0,1.0,1.0,0.0,0.0,0.0005,0.0,0.0,0.0,0.0,9.253802,21.980736,train
2019_03-isotope_d_an0_filtered,3.0,0.0,1.0049999952316284,0.1,1.0,3.0,0.0,3.0,0.5,2.0,1.0,1.0,0.0,0.0,0.0005,0.0,0.0,0.0,0.0,8.176785,29.704124,train
2019_03-isotope_d_an1_filtered,3.0,0.5,1.0049999952316284,0.1,1.0,3.0,0.5,3.0,0.5,2.0,1.0,1.0,0.0,0.0,0.0005,0.0,0.0,0.0,0.0,11.241269,35.665146,train
2019_03-isotope_d_an2_filtered,3.0,1.0,1.0049999952316284,0.1,1.0,3.0,1.0,3.0,0.5,2.0,1.0,1.0,0.0,0.0,0.0005,0.0,0.0,0.0,0.0,13.585198,34.886017,train
2019_03-isotope_d_an3_filtered,3.0,1.5,1.0049999952316284,0.1,1.0,3.0,1.5,3.0,0.5,2.0,1.0,1.0,0.0,0.0,0.0005,0.0,0.0,0.0,0.0,15.433923,30.991877,ood
2019_03-isotope_d_an4_filtered,3.0,2.0,1.0049999952316284,0.1,1.0,3.0,2.0,3.0,0.5,2.0,1.0,1.0,0.0,0.0,0.0005,0.0,0.0,0.0,0.0,17.831121,25.626547,train
2019_03-isotope_d_an5_filtered,3.0,2.5,1.0049999952316284,0.1,1.0,3.0,2.5,3.0,0.5,2.0,1.0,1.0,0.0,0.0,0.0005,0.0,0.0,0.0,0.0,26.114647,27.857143,train
2019_03-isotope_d_an6_filtered,3.0,3.0,1.0049999952316284,0.1,1.0,3.0,3.0,3.0,0.5,2.0,1.0,1.0,0.0,0.0,0.0005,0.0,0.0,0.0,0.0,35.965473,32.852715,train
2019_03-isotope_d_at0_filtered,1.25,1.0,1.0049999952316284,0.1,1.0,1.25,1.0,3.0,0.5,2.0,1.0,1.0,0.0,0.0,0.0005,0.0,0.0,0.0,0.0,1.082628,2.141056,train
2019_03-isotope_d_at1_filtered,1.5,1.0,1.0049999952316284,0.1,1.0,1.5,1.0,3.0,0.5,2.0,1.0,1.0,0.0,0.0,0.0005,0.0,0.0,0.0,0.0,2.16621,4.726768,train
2019_03-isotope_d_at2_filtered,2.0,1.0,1.0049999952316284,0.1,1.0,2.0,1.0,3.0,0.5,2.0,1.0,1.0,0.0,0.0,0.0005,0.0,0.0,0.0,0.0,5.806978,14.174747,ood
2019_03-isotope_d_at3_filtered,2.5,1.0,1.0049999952316284,0.1,1.0,2.5,1.0,3.0,0.5,2.0,1.0,1.0,0.0,0.0,0.0005,0.0,0.0,0.0,0.0,9.563401,24.45179,train
2019_03-isotope_d_at5_filtered,3.5,1.0,1.0049999952316284,0.1,1.0,3.5,1.0,3.0,0.5,2.0,1.0,1.0,0.0,0.0,0.0005,0.0,0.0,0.0,0.0,20.178541,52.753841,train
2019_03-isotope_d_b0_filtered,3.0,3.0,1.0049999952316284,0.05,1.0,3.0,3.0,3.0,0.5,2.0,1.0,1.0,0.0,0.0,0.0005,0.0,0.0,0.0,0.0,47.137074,43.582993,train
2019_03-isotope_d_b1_filtered,3.0,3.0,1.0049999952316284,0.1,1.0,3.0,3.0,3.0,0.5,2.0,1.0,1.0,0.0,0.0,0.0005,0.0,0.0,0.0,0.0,35.965473,32.852715,train
2019_03-isotope_d_b2_filtered,3.0,3.0,1.0049999952316284,0.167,1.0,3.0,3.0,3.0,0.5,2.0,1.0,1.0,0.0,0.0,0.0005,0.0,0.0,0.0,0.0,30.792664,27.567717,train
2019_03-isotope_d_b3_filtered,3.0,3.0,1.0049999952316284,0.278,1.0,3.0,3.0,3.0,0.5,2.0,1.0,1.0,0.0,0.0,0.0005,0.0,0.0,0.0,0.0,23.322569,20.464062,ood
2019_03-isotope_d_b4_filtered,3.0,3.0,1.0049999952316284,0.464,1.0,3.0,3.0,3.0,0.5,2.0,1.0,1.0,0.0,0.0,0.0005,0.0,0.0,0.0,0.0,17.445698,14.901798,train
2019_03-isotope_d_b5_filtered,3.0,3.0,1.0049999952316284,0.774,1.0,3.0,3.0,3.0,0.5,2.0,1.0,1.0,0.0,0.0,0.0005,0.0,0.0,0.0,0.0,10.450252,8.720042,train
2019_03-isotope_d_b6_filtered,3.0,3.0,1.0049999952316284,1.0,1.0,3.0,3.0,3.0,0.5,2.0,1.0,1.0,0.0,0.0,0.0005,0.0,0.0,0.0,0.0,8.397354,7.051378,train
2019_03-isotope_h_a0_filtered,3.0,1.0,1.4212499856948853,0.05,0.5,3.0,1.0,3.0,0.5,2.0,1.0,1.0,0.0,0.0,0.0005,0.0,0.0,0.0,0.0,12.676236,31.755768,train
2019_03-isotope_h_a1_filtered,3.0,1.0,1.4212499856948853,0.1,0.5,3.0,1.0,3.0,0.5,2.0,1.0,1.0,0.0,0.0,0.0005,0.0,0.0,0.0,0.0,13.42017,32.732212,train
2019_03-isotope_h_a2_filtered,3.0,1.0,1.4212499856948853,0.167,0.5,3.0,1.0,3.0,0.5,2.0,1.0,1.0,0.0,0.0,0.0005,0.0,0.0,0.0,0.0,12.481563,28.385548,train
2019_03-isotope_h_a3_filtered,3.0,1.0,1.4212499856948853,0.278,0.5,3.0,1.0,3.0,0.5,2.0,1.0,1.0,0.0,0.0,0.0005,0.0,0.0,0.0,0.0,12.095443,26.657454,train
2019_03-isotope_h_a4_filtered,3.0,1.0,1.4212499856948853,0.464,0.5,3.0,1.0,3.0,0.5,2.0,1.0,1.0,0.0,0.0,0.0005,0.0,0.0,0.0,0.0,11.819675,24.753645,train
2019_03-isotope_h_a5_filtered,3.0,1.0,1.4212499856948853,0.774,0.5,3.0,1.0,3.0,0.5,2.0,1.0,1.0,0.0,0.0,0.0005,0.0,0.0,0.0,0.0,9.995768,20.417854,train
2019_03-isotope_h_a6_filtered,3.0,1.0,1.4212499856948853,1.0,0.5,3.0,1.0,3.0,0.5,2.0,1.0,1.0,0.0,0.0,0.0005,0.0,0.0,0.0,0.0,10.153333,21.075609,train
2019_03-isotope_h_an0_filtered,3.0,0.0,1.4212499856948853,0.1,0.5,3.0,0.0,3.0,0.5,2.0,1.0,1.0,0.0,0.0,0.0005,0.0,0.0,0.0,0.0,7.652851,26.11578,train
2019_03-isotope_h_an1_filtered,3.0,0.5,1.4212499856948853,0.1,0.5,3.0,0.5,3.0,0.5,2.0,1.0,1.0,0.0,0.0,0.0005,0.0,0.0,0.0,0.0,12.684045,38.161026,train
2019_03-isotope_h_an2_filtered,3.0,1.0,1.4212499856948853,0.1,0.5,3.0,1.0,3.0,0.5,2.0,1.0,1.0,0.0,0.0,0.0005,0.0,0.0,0.0,0.0,12.574169,30.101662,train
2019_03-isotope_h_an3_filtered,3.0,1.5,1.4212499856948853,0.1,0.5,3.0,1.5,3.0,0.5,2.0,1.0,1.0,0.0,0.0,0.0005,0.0,0.0,0.0,0.0,15.963521,29.047825,train
2019_03-isotope_h_an4_filtered,3.0,2.0,1.4212499856948853,0.1,0.5,3.0,2.0,3.0,0.5,2.0,1.0,1.0,0.0,0.0,0.0005,0.0,0.0,0.0,0.0,19.80554,26.551218,ood
2019_03-isotope_h_an5_filtered,3.0,2.5,1.4212499856948853,0.1,0.5,3.0,2.5,3.0,0.5,2.0,1.0,1.0,0.0,0.0,0.0005,0.0,0.0,0.0,0.0,30.660606,32.758625,train
2019_03-isotope_h_an6_filtered,3.0,3.0,1.4212499856948853,0.1,0.5,3.0,3.0,3.0,0.5,2.0,1.0,1.0,0.0,0.0,0.0005,0.0,0.0,0.0,0.0,46.014881,44.520302,train
2019_03-isotope_h_at0_filtered,1.25,1.0,1.4212499856948853,0.1,0.5,1.25,1.0,3.0,0.5,2.0,1.0,1.0,0.0,0.0,0.0005,0.0,0.0,0.0,0.0,1.15668,2.228355,train
2019_03-isotope_h_at1_filtered,1.5,1.0,1.4212499856948853,0.1,0.5,1.5,1.0,3.0,0.5,2.0,1.0,1.0,0.0,0.0,0.0005,0.0,0.0,0.0,0.0,2.715403,5.680729,train
2019_03-isotope_h_at2_filtered,2.0,1.0,1.4212499856948853,0.1,0.5,2.0,1.0,3.0,0.5,2.0,1.0,1.0,0.0,0.0,0.0005,0.0,0.0,0.0,0.0,5.331476,12.284258,train
2019_03-isotope_h_at3_filtered,2.5,1.0,1.4212499856948853,0.1,0.5,2.5,1.0,3.0,0.5,2.0,1.0,1.0,0.0,0.0,0.0005,0.0,0.0,0.0,0.0,9.271266,21.897898,train
2019_03-isotope_h_at5_filtered,3.5,1.0,1.4212499856948853,0.1,0.5,3.5,1.0,3.0,0.5,2.0,1.0,1.0,0.0,0.0,0.0005,0.0,0.0,0.0,0.0,18.574947,45.277359,train
2019_03-isotope_h_b2_filtered,3.0,3.0,1.4212499856948853,0.167,0.5,3.0,3.0,3.0,0.5,2.0,1.0,1.0,0.0,0.0,0.0005,0.0,0.0,0.0,0.0,42.40498,40.745026,train
2019_03-isotope_h_b3_filtered,3.0,3.0,1.4212499856948853,0.278,0.5,3.0,3.0,3.0,0.5,2.0,1.0,1.0,0.0,0.0,0.0005,0.0,0.0,0.0,0.0,34.191761,32.385693,train
2019_03-isotope_h_b4_filtered,3.0,3.0,1.4212499856948853,0.464,0.5,3.0,3.0,3.0,0.5,2.0,1.0,1.0,0.0,0.0,0.0005,0.0,0.0,0.0,0.0,27.010887,24.816996,ood
2019_03-isotope_h_b5_filtered,3.0,3.0,1.4212499856948853,0.774,0.5,3.0,3.0,3.0,0.5,2.0,1.0,1.0,0.0,0.0,0.0005,0.0,0.0,0.0,0.0,19.380732,17.373281,ood
2019_03-isotope_h_b6_filtered,3.0,3.0,1.4212499856948853,1.0,0.5,3.0,3.0,3.0,0.5,2.0,1.0,1.0,0.0,0.0,0.0005,0.0,0.0,0.0,0.0,17.351601,15.456423,train
2019_03-isotope_t_a0_filtered,3.0,1.0,0.8205000162124634,0.05,1.5,3.0,1.0,3.0,0.5,2.0,1.0,1.0,0.0,0.0,0.0005,0.0,0.0,0.0,0.0,16.439484,46.618996,train
2019_03-isotope_t_a1_filtered,3.0,1.0,0.8205000162124634,0.1,1.5,3.0,1.0,3.0,0.5,2.0,1.0,1.0,0.0,0.0,0.0005,0.0,0.0,0.0,0.0,15.242244,41.00449,train
2019_03-isotope_t_a2_filtered,3.0,1.0,0.8205000162124634,0.167,1.5,3.0,1.0,3.0,0.5,2.0,1.0,1.0,0.0,0.0,0.0005,0.0,0.0,0.0,0.0,15.137946,38.876789,train
2019_03-isotope_t_a3_filtered,3.0,1.0,0.8205000162124634,0.278,1.5,3.0,1.0,3.0,0.5,2.0,1.0,1.0,0.0,0.0,0.0005,0.0,0.0,0.0,0.0,13.899069,33.962315,train
2019_03-isotope_t_a4_filtered,3.0,1.0,0.8205000162124634,0.464,1.5,3.0,1.0,3.0,0.5,2.0,1.0,1.0,0.0,0.0,0.0005,0.0,0.0,0.0,0.0,11.409151,27.587427,train
2019_03-isotope_t_a5_filtered,3.0,1.0,0.8205000162124634,0.774,1.5,3.0,1.0,3.0,0.5,2.0,1.0,1.0,0.0,0.0,0.0005,0.0,0.0,0.0,0.0,10.487088,26.429455,train
2019_03-isotope_t_a6_filtered,3.0,1.0,0.8205000162124634,1.0,1.5,3.0,1.0,3.0,0.5,2.0,1.0,1.0,0.0,0.0,0.0005,0.0,0.0,0.0,0.0,9.568548,25.988514,train
2019_03-isotope_t_an0_filtered,3.0,0.0,0.8205000162124634,0.1,1.5,3.0,0.0,3.0,0.5,2.0,1.0,1.0,0.0,0.0,0.0005,0.0,0.0,0.0,0.0,7.574078,27.630985,train
2019_03-isotope_t_an1_filtered,3.0,0.5,0.8205000162124634,0.1,1.5,3.0,0.5,3.0,0.5,2.0,1.0,1.0,0.0,0.0,0.0005,0.0,0.0,0.0,0.0,11.59278,37.650227,train
2019_03-isotope_t_an2_filtered,3.0,1.0,0.8205000162124634,0.1,1.5,3.0,1.0,3.0,0.5,2.0,1.0,1.0,0.0,0.0,0.0005,0.0,0.0,0.0,0.0,14.420423,38.407997,train
2019_03-isotope_t_an3_filtered,3.0,1.5,0.8205000162124634,0.1,1.5,3.0,1.5,3.0,0.5,2.0,1.0,1.0,0.0,0.0,0.0005,0.0,0.0,0.0,0.0,16.971458,35.270935,train
2019_03-isotope_t_an4_filtered,3.0,2.0,0.8205000162124634,0.1,1.5,3.0,2.0,3.0,0.5,2.0,1.0,1.0,0.0,0.0,0.0005,0.0,0.0,0.0,0.0,17.782433,26.869516,train
2019_03-isotope_t_an5_filtered,3.0,2.5,0.8205000162124634,0.1,1.5,3.0,2.5,3.0,0.5,2.0,1.0,1.0,0.0,0.0,0.0005,0.0,0.0,0.0,0.0,23.411119,25.273146,ood
2019_03-isotope_t_an6_filtered,3.0,3.0,0.8205000162124634,0.1,1.5,3.0,3.0,3.0,0.5,2.0,1.0,1.0,0.0,0.0,0.0005,0.0,0.0,0.0,0.0,34.695992,31.035368,train
2019_03-isotope_t_at0_filtered,1.25,1.0,0.8205000162124634,0.1,1.5,1.25,1.0,3.0,0.5,2.0,1.0,1.0,0.0,0.0,0.0005,0.0,0.0,0.0,0.0,0.944596,1.840758,train
2019_03-isotope_t_at1_filtered,1.5,1.0,0.8205000162124634,0.1,1.5,1.5,1.0,3.0,0.5,2.0,1.0,1.0,0.0,0.0,0.0005,0.0,0.0,0.0,0.0,2.686642,5.830308,train
2019_03-isotope_t_at2_filtered,2.0,1.0,0.8205000162124634,0.1,1.5,2.0,1.0,3.0,0.5,2.0,1.0,1.0,0.0,0.0,0.0005,0.0,0.0,0.0,0.0,5.963135,14.488076,train
2019_03-isotope_t_at3_filtered,2.5,1.0,0.8205000162124634,0.1,1.5,2.5,1.0,3.0,0.5,2.0,1.0,1.0,0.0,0.0,0.0005,0.0,0.0,0.0,0.0,10.897818,28.318508,train
2019_03-isotope_t_at5_filtered,3.5,1.0,0.8205000162124634,0.1,1.5,3.5,1.0,3.0,0.5,2.0,1.0,1.0,0.0,0.0,0.0005,0.0,0.0,0.0,0.0,20.498394,53.713028,train
2019_03-isotope_t_b0_filtered,3.0,3.0,0.8205000162124634,0.05,1.5,3.0,3.0,3.0,0.5,2.0,1.0,1.0,0.0,0.0,0.0005,0.0,0.0,0.0,0.0,41.959728,38.051708,train
2019_03-isotope_t_b2_filtered,3.0,3.0,0.8205000162124634,0.167,1.5,3.0,3.0,3.0,0.5,2.0,1.0,1.0,0.0,0.0,0.0005,0.0,0.0,0.0,0.0,24.89233,21.744497,train
2019_03-isotope_t_b3_filtered,3.0,3.0,0.8205000162124634,0.278,1.5,3.0,3.0,3.0,0.5,2.0,1.0,1.0,0.0,0.0,0.0005,0.0,0.0,0.0,0.0,19.517015,16.72077,ood
2019_03-isotope_t_b4_filtered,3.0,3.0,0.8205000162124634,0.464,1.5,3.0,3.0,3.0,0.5,2.0,1.0,1.0,0.0,0.0,0.0005,0.0,0.0,0.0,0.0,13.55758,11.354769,train
2019_03-isotope_t_b5_filtered,3.0,3.0,0.8205000162124634,0.774,1.5,3.0,3.0,3.0,0.5,2.0,1.0,1.0,0.0,0.0,0.0005,0.0,0.0,0.0,0.0,7.553435,6.20453,ood
2019_03-isotope_t_b6_filtered,3.0,3.0,0.8205000162124634,1.0,1.5,3.0,3.0,3.0,0.5,2.0,1.0,1.0,0.0,0.0,0.0005,0.0,0.0,0.0,0.0,3.809419,3.272224,train
2019_05-garyshift_stdS00G00_high_filtered,3.0,1.0,2.07699990272522,0.05,1.0,3.0,1.0,3.0,0.5,2.0,1.0,1.0,0.0,0.0,0.0005,0.0,0.0,0.0,0.0,14.257823,38.893436,train
2019_05-garyshift_stdS00G00_low_filtered,3.0,1.0,1.0049999952316284,0.05,1.0,3.0,1.0,3.0,0.5,2.0,1.0,1.0,0.0,0.0,0.0005,0.0,0.0,0.0,0.0,15.089073,41.456722,train
2019_05-garyshift_stdS00G00_med_filtered,3.0,1.0,1.5410000085830688,0.05,1.0,3.0,1.0,3.0,0.5,2.0,1.0,1.0,0.0,0.0,0.0005,0.0,0.0,0.0,0.0,14.767939,39.558537,train
2019_10-exb_2res_a1_filtered,3.0,1.0,1.5410000085830688,0.05,1.0,3.0,1.0,3.0,0.5,2.0,1.0,1.0,0.0,0.0,0.0005,0.0,0.0,0.0,0.0,14.463719,38.810604,train
2019_10-exb_2res_b1_filtered,3.0,1.0,1.5410000085830688,0.05,1.0,3.0,1.0,3.0,0.5,2.0,1.0,1.0,0.0,0.0,0.0005,0.0,0.0,0.0,0.0,14.784884,39.154537,train
2020_08-nuei_lor_alor0_filtered,3.0,1.0,1.0049999952316284,0.01,1.0,3.0,1.0,3.0,0.5,2.0,1.0,1.0,0.0,0.0,0.0005,0.0,0.0,0.0,0.0,14.389137,38.336334,train
2020_08-nuei_lor_alor1_filtered,3.0,1.0,1.0049999952316284,0.02,1.0,3.0,1.0,3.0,0.5,2.0,1.0,1.0,0.0,0.0,0.0005,0.0,0.0,0.0,0.0,15.344893,43.226257,train
2020_08-nuei_lor_alor2_filtered,3.0,1.0,1.0049999952316284,0.05,1.0,3.0,1.0,3.0,0.5,2.0,1.0,1.0,0.0,0.0,0.0005,0.0,0.0,0.0,0.0,15.015698,40.028339,train
2020_08-nuei_lor_alor3_filtered,3.0,1.0,1.0049999952316284,0.1,1.0,3.0,1.0,3.0,0.5,2.0,1.0,1.0,0.0,0.0,0.0005,0.0,0.0,0.0,0.0,13.375133,35.164783,train
2020_08-nuei_lor_alor3_hnorm_filtered,3.0,1.0,0.7106422781944275,0.07071067,2.0,3.0,1.0,3.0,0.5,2.0,1.0,1.0,0.0,0.0,0.0005,0.0,0.0,0.0,0.0,19.42988,49.224979,ood
2020_08-nuei_lor_alor4_filtered,3.0,1.0,1.0049999952316284,0.167,1.0,3.0,1.0,3.0,0.5,2.0,1.0,1.0,0.0,0.0,0.0005,0.0,0.0,0.0,0.0,14.123841,35.086494,train
2020_08-nuei_lor_alor5_filtered,3.0,1.0,1.0049999952316284,0.278,1.0,3.0,1.0,3.0,0.5,2.0,1.0,1.0,0.0,0.0,0.0005,0.0,0.0,0.0,0.0,13.906169,33.323521,train
2020_08-nuei_lor_alor6_filtered,3.0,1.0,1.0049999952316284,0.464,1.0,3.0,1.0,3.0,0.5,2.0,1.0,1.0,0.0,0.0,0.0005,0.0,0.0,0.0,0.0,11.957195,28.186806,train
2020_08-nuei_lor_alor7_filtered,3.0,1.0,1.0049999952316284,0.774,1.0,3.0,1.0,3.0,0.5,2.0,1.0,1.0,0.0,0.0,0.0005,0.0,0.0,0.0,0.0,11.52559,26.600643,train
2020_08-nuei_lor_alor8_filtered,3.0,1.0,1.0049999952316284,1.0,1.0,3.0,1.0,3.0,0.5,2.0,1.0,1.0,0.0,0.0,0.0005,0.0,0.0,0.0,0.0,9.927346,23.642275,train
2020_08-nuei_lor_blor0_filtered,3.0,3.0,1.0049999952316284,0.01,1.0,3.0,3.0,3.0,0.5,2.0,1.0,1.0,0.0,0.0,0.0005,0.0,0.0,0.0,0.0,65.135941,60.851643,train
2020_08-nuei_lor_blor1_filtered,3.0,3.0,1.0049999952316284,0.02,1.0,3.0,3.0,3.0,0.5,2.0,1.0,1.0,0.0,0.0,0.0005,0.0,0.0,0.0,0.0,57.487541,53.70089,train
2020_08-nuei_lor_blor2_filtered,3.0,3.0,1.0049999952316284,0.05,1.0,3.0,3.0,3.0,0.5,2.0,1.0,1.0,0.0,0.0,0.0005,0.0,0.0,0.0,0.0,49.336433,45.487034,train
2020_08-nuei_lor_blor3_filtered,3.0,3.0,1.0049999952316284,0.1,1.0,3.0,3.0,3.0,0.5,2.0,1.0,1.0,0.0,0.0,0.0005,0.0,0.0,0.0,0.0,39.448486,35.912346,train
2020_08-nuei_lor_blor4_filtered,3.0,3.0,1.0049999952316284,0.167,1.0,3.0,3.0,3.0,0.5,2.0,1.0,1.0,0.0,0.0,0.0005,0.0,0.0,0.0,0.0,33.205013,29.58852,train
2020_08-nuei_lor_blor5_filtered,3.0,3.0,1.0049999952316284,0.278,1.0,3.0,3.0,3.0,0.5,2.0,1.0,1.0,0.0,0.0,0.0005,0.0,0.0,0.0,0.0,28.806492,25.180794,train
2020_08-nuei_lor_blor6_filtered,3.0,3.0,1.0049999952316284,0.464,1.0,3.0,3.0,3.0,0.5,2.0,1.0,1.0,0.0,0.0,0.0005,0.0,0.0,0.0,0.0,22.647276,19.051853,train
2020_08-nuei_lor_blor7_filtered,3.0,3.0,1.0049999952316284,0.774,1.0,3.0,3.0,3.0,0.5,2.0,1.0,1.0,0.0,0.0,0.0005,0.0,0.0,0.0,0.0,17.51408,14.195183,train
2020_08-nuei_lor_blor8_filtered,3.0,3.0,1.0049999952316284,1.0,1.0,3.0,3.0,3.0,0.5,2.0,1.0,1.0,0.0,0.0,0.0005,0.0,0.0,0.0,0.0,15.217232,12.094504,train
